field,city_key,row_count,present_count,missing_count,missing_pct
h3,SAN JOSE,253883,253883,0,0.0
h3,SUNNYVALE,33868,33868,0,0.0
h3,SANTA CLARA,30235,30235,0,0.0
h3,PALO ALTO,21023,21023,0,0.0
h3,MILPITAS,20372,20372,0,0.0
h3,MOUNTAIN VIEW,20302,20302,0,0.0
h3,GILROY,18063,18063,0,0.0
h3,CUPERTINO,17048,17048,0,0.0
h3,MORGAN HILL,16768,16768,0,0.0
h3,LOS ALTOS,15987,15987,0,0.0
h3,LOS GATOS,15371,15371,0,0.0
h3,CAMPBELL,12755,12755,0,0.0
h3,SARATOGA,11740,11740,0,0.0
h3,SAN MARTIN,2052,2052,0,0.0
h3,(NULL),1929,1929,0,0.0
h3,MONTE SERENO,1226,1226,0,0.0
h3,STANFORD,1094,1094,0,0.0
ready,SAN JOSE,253883,253883,0,0.0
ready,SUNNYVALE,33868,33868,0,0.0
ready,SANTA CLARA,30235,30235,0,0.0
ready,PALO ALTO,21023,21023,0,0.0
ready,MILPITAS,20372,20372,0,0.0
ready,MOUNTAIN VIEW,20302,20302,0,0.0
ready,GILROY,18063,18063,0,0.0
ready,CUPERTINO,17048,17048,0,0.0
ready,MORGAN HILL,16768,16768,0,0.0
ready,LOS ALTOS,15987,15987,0,0.0
ready,LOS GATOS,15371,15371,0,0.0
ready,CAMPBELL,12755,12755,0,0.0
ready,SARATOGA,11740,11740,0,0.0
ready,SAN MARTIN,2052,2052,0,0.0
ready,(NULL),1929,1929,0,0.0
ready,MONTE SERENO,1226,1226,0,0.0
ready,STANFORD,1094,1094,0,0.0
zoning,SAN JOSE,253883,253801,82,0.0323
zoning,SUNNYVALE,33868,33863,5,0.0148
zoning,SANTA CLARA,30235,30202,33,0.1091
zoning,PALO ALTO,21023,21022,1,0.0048
zoning,MILPITAS,20372,20285,87,0.4271
zoning,MOUNTAIN VIEW,20302,20278,24,0.1182
zoning,GILROY,18063,18060,3,0.0166
zoning,CUPERTINO,17048,17033,15,0.088
zoning,MORGAN HILL,16768,16765,3,0.0179
zoning,LOS ALTOS,15987,15981,6,0.0375
zoning,LOS GATOS,15371,15343,28,0.1822
zoning,CAMPBELL,12755,12746,9,0.0706
zoning,SARATOGA,11740,11738,2,0.017
zoning,SAN MARTIN,2052,2052,0,0.0
zoning,(NULL),1929,1929,0,0.0
zoning,MONTE SERENO,1226,1226,0,0.0
zoning,STANFORD,1094,1094,0,0.0
yearbuilt,SAN JOSE,253883,245725,8158,3.2133
yearbuilt,SUNNYVALE,33868,33265,603,1.7804
yearbuilt,SANTA CLARA,30235,29561,674,2.2292
yearbuilt,PALO ALTO,21023,20256,767,3.6484
yearbuilt,MILPITAS,20372,19728,644,3.1612
yearbuilt,MOUNTAIN VIEW,20302,19725,577,2.8421
yearbuilt,GILROY,18063,16280,1783,9.871
yearbuilt,CUPERTINO,17048,16528,520,3.0502
yearbuilt,MORGAN HILL,16768,15024,1744,10.4008
yearbuilt,LOS ALTOS,15987,15418,569,3.5591
yearbuilt,LOS GATOS,15371,13718,1653,10.754
yearbuilt,CAMPBELL,12755,12421,334,2.6186
yearbuilt,SARATOGA,11740,11021,719,6.1244
yearbuilt,SAN MARTIN,2052,1522,530,25.8285
yearbuilt,(NULL),1929,86,1843,95.5417
yearbuilt,MONTE SERENO,1226,1188,38,3.0995
yearbuilt,STANFORD,1094,922,172,15.7221
city,SAN JOSE,253883,253883,0,0.0
city,SUNNYVALE,33868,33868,0,0.0
city,SANTA CLARA,30235,30235,0,0.0
city,PALO ALTO,21023,21023,0,0.0
city,MILPITAS,20372,20372,0,0.0
city,MOUNTAIN VIEW,20302,20302,0,0.0
city,GILROY,18063,18063,0,0.0
city,CUPERTINO,17048,17048,0,0.0
city,MORGAN HILL,16768,16768,0,0.0
city,LOS ALTOS,15987,15987,0,0.0
city,LOS GATOS,15371,15371,0,0.0
city,CAMPBELL,12755,12755,0,0.0
city,SARATOGA,11740,11740,0,0.0
city,SAN MARTIN,2052,2052,0,0.0
city,(NULL),1929,1929,0,0.0
city,MONTE SERENO,1226,1226,0,0.0
city,STANFORD,1094,1094,0,0.0
created_at,SAN JOSE,253883,253883,0,0.0
created_at,SUNNYVALE,33868,33868,0,0.0
created_at,SANTA CLARA,30235,30235,0,0.0
created_at,PALO ALTO,21023,21023,0,0.0
created_at,MILPITAS,20372,20372,0,0.0
created_at,MOUNTAIN VIEW,20302,20302,0,0.0
created_at,GILROY,18063,18063,0,0.0
created_at,CUPERTINO,17048,17048,0,0.0
created_at,MORGAN HILL,16768,16768,0,0.0
created_at,LOS ALTOS,15987,15987,0,0.0
created_at,LOS GATOS,15371,15371,0,0.0
created_at,CAMPBELL,12755,12755,0,0.0
created_at,SARATOGA,11740,11740,0,0.0
created_at,SAN MARTIN,2052,2052,0,0.0
created_at,(NULL),1929,1929,0,0.0
created_at,MONTE SERENO,1226,1226,0,0.0
created_at,STANFORD,1094,1094,0,0.0
id,SAN JOSE,253883,253883,0,0.0
id,SUNNYVALE,33868,33868,0,0.0
id,SANTA CLARA,30235,30235,0,0.0
id,PALO ALTO,21023,21023,0,0.0
id,MILPITAS,20372,20372,0,0.0
id,MOUNTAIN VIEW,20302,20302,0,0.0
id,GILROY,18063,18063,0,0.0
id,CUPERTINO,17048,17048,0,0.0
id,MORGAN HILL,16768,16768,0,0.0
id,LOS ALTOS,15987,15987,0,0.0
id,LOS GATOS,15371,15371,0,0.0
id,CAMPBELL,12755,12755,0,0.0
id,SARATOGA,11740,11740,0,0.0
id,SAN MARTIN,2052,2052,0,0.0
id,(NULL),1929,1929,0,0.0
id,MONTE SERENO,1226,1226,0,0.0
id,STANFORD,1094,1094,0,0.0
lat,SAN JOSE,253883,253883,0,0.0
lat,SUNNYVALE,33868,33868,0,0.0
lat,SANTA CLARA,30235,30235,0,0.0
lat,PALO ALTO,21023,21023,0,0.0
lat,MILPITAS,20372,20372,0,0.0
lat,MOUNTAIN VIEW,20302,20302,0,0.0
lat,GILROY,18063,18063,0,0.0
lat,CUPERTINO,17048,17048,0,0.0
lat,MORGAN HILL,16768,16768,0,0.0
lat,LOS ALTOS,15987,15987,0,0.0
lat,LOS GATOS,15371,15371,0,0.0
lat,CAMPBELL,12755,12755,0,0.0
lat,SARATOGA,11740,11740,0,0.0
lat,SAN MARTIN,2052,2052,0,0.0
lat,(NULL),1929,1929,0,0.0
lat,MONTE SERENO,1226,1226,0,0.0
lat,STANFORD,1094,1094,0,0.0
lon,SAN JOSE,253883,253883,0,0.0
lon,SUNNYVALE,33868,33868,0,0.0
lon,SANTA CLARA,30235,30235,0,0.0
lon,PALO ALTO,21023,21023,0,0.0
lon,MILPITAS,20372,20372,0,0.0
lon,MOUNTAIN VIEW,20302,20302,0,0.0
lon,GILROY,18063,18063,0,0.0
lon,CUPERTINO,17048,17048,0,0.0
lon,MORGAN HILL,16768,16768,0,0.0
lon,LOS ALTOS,15987,15987,0,0.0
lon,LOS GATOS,15371,15371,0,0.0
lon,CAMPBELL,12755,12755,0,0.0
lon,SARATOGA,11740,11740,0,0.0
lon,SAN MARTIN,2052,2052,0,0.0
lon,(NULL),1929,1929,0,0.0
lon,MONTE SERENO,1226,1226,0,0.0
lon,STANFORD,1094,1094,0,0.0
parcel,SAN JOSE,253883,253883,0,0.0
parcel,SUNNYVALE,33868,33868,0,0.0
parcel,SANTA CLARA,30235,30235,0,0.0
parcel,PALO ALTO,21023,21023,0,0.0
parcel,MILPITAS,20372,20372,0,0.0
parcel,MOUNTAIN VIEW,20302,20302,0,0.0
parcel,GILROY,18063,18063,0,0.0
parcel,CUPERTINO,17048,17048,0,0.0
parcel,MORGAN HILL,16768,16768,0,0.0
parcel,LOS ALTOS,15987,15987,0,0.0
parcel,LOS GATOS,15371,15371,0,0.0
parcel,CAMPBELL,12755,12755,0,0.0
parcel,SARATOGA,11740,11740,0,0.0
parcel,SAN MARTIN,2052,2052,0,0.0
parcel,(NULL),1929,1929,0,0.0
parcel,MONTE SERENO,1226,1226,0,0.0
parcel,STANFORD,1094,1094,0,0.0
parcelnumb,SAN JOSE,253883,253883,0,0.0
parcelnumb,SUNNYVALE,33868,33868,0,0.0
parcelnumb,SANTA CLARA,30235,30235,0,0.0
parcelnumb,PALO ALTO,21023,21023,0,0.0
parcelnumb,MILPITAS,20372,20372,0,0.0
parcelnumb,MOUNTAIN VIEW,20302,20302,0,0.0
parcelnumb,GILROY,18063,18063,0,0.0
parcelnumb,CUPERTINO,17048,17048,0,0.0
parcelnumb,MORGAN HILL,16768,16768,0,0.0
parcelnumb,LOS ALTOS,15987,15987,0,0.0
parcelnumb,LOS GATOS,15371,15371,0,0.0
parcelnumb,CAMPBELL,12755,12755,0,0.0
parcelnumb,SARATOGA,11740,11740,0,0.0
parcelnumb,SAN MARTIN,2052,2052,0,0.0
parcelnumb,(NULL),1929,1929,0,0.0
parcelnumb,MONTE SERENO,1226,1226,0,0.0
parcelnumb,STANFORD,1094,1094,0,0.0
updated_at,SAN JOSE,253883,253883,0,0.0
updated_at,SUNNYVALE,33868,33868,0,0.0
updated_at,SANTA CLARA,30235,30235,0,0.0
updated_at,PALO ALTO,21023,21023,0,0.0
updated_at,MILPITAS,20372,20372,0,0.0
updated_at,MOUNTAIN VIEW,20302,20302,0,0.0
updated_at,GILROY,18063,18063,0,0.0
updated_at,CUPERTINO,17048,17048,0,0.0
updated_at,MORGAN HILL,16768,16768,0,0.0
updated_at,LOS ALTOS,15987,15987,0,0.0
updated_at,LOS GATOS,15371,15371,0,0.0
updated_at,CAMPBELL,12755,12755,0,0.0
updated_at,SARATOGA,11740,11740,0,0.0
updated_at,SAN MARTIN,2052,2052,0,0.0
updated_at,(NULL),1929,1929,0,0.0
updated_at,MONTE SERENO,1226,1226,0,0.0
updated_at,STANFORD,1094,1094,0,0.0
address,SAN JOSE,253883,253301,582,0.2292
address,SUNNYVALE,33868,33794,74,0.2185
address,SANTA CLARA,30235,30167,68,0.2249
address,PALO ALTO,21023,20963,60,0.2854
address,MILPITAS,20372,20153,219,1.075
address,MOUNTAIN VIEW,20302,20249,53,0.2611
address,GILROY,18063,18002,61,0.3377
address,CUPERTINO,17048,17031,17,0.0997
address,MORGAN HILL,16768,16696,72,0.4294
address,LOS ALTOS,15987,15964,23,0.1439
address,LOS GATOS,15371,15289,82,0.5335
address,CAMPBELL,12755,12740,15,0.1176
address,SARATOGA,11740,11708,32,0.2726
address,SAN MARTIN,2052,2040,12,0.5848
address,(NULL),1929,1643,286,14.8263
address,MONTE SERENO,1226,1226,0,0.0
address,STANFORD,1094,1094,0,0.0
scity,SAN JOSE,253883,253883,0,0.0
scity,SUNNYVALE,33868,33868,0,0.0
scity,SANTA CLARA,30235,30235,0,0.0
scity,PALO ALTO,21023,21023,0,0.0
scity,MILPITAS,20372,20372,0,0.0
scity,MOUNTAIN VIEW,20302,20302,0,0.0
scity,GILROY,18063,18063,0,0.0
scity,CUPERTINO,17048,17048,0,0.0
scity,MORGAN HILL,16768,16768,0,0.0
scity,LOS ALTOS,15987,15987,0,0.0
scity,LOS GATOS,15371,15371,0,0.0
scity,CAMPBELL,12755,12755,0,0.0
scity,SARATOGA,11740,11740,0,0.0
scity,SAN MARTIN,2052,2052,0,0.0
scity,(NULL),1929,0,1929,100.0
scity,MONTE SERENO,1226,1226,0,0.0
scity,STANFORD,1094,1094,0,0.0
alquist_fault,SAN JOSE,253883,253883,0,0.0
alquist_fault,SUNNYVALE,33868,33868,0,0.0
alquist_fault,SANTA CLARA,30235,30235,0,0.0
alquist_fault,PALO ALTO,21023,21023,0,0.0
alquist_fault,MILPITAS,20372,20372,0,0.0
alquist_fault,MOUNTAIN VIEW,20302,20302,0,0.0
alquist_fault,GILROY,18063,18063,0,0.0
alquist_fault,CUPERTINO,17048,17048,0,0.0
alquist_fault,MORGAN HILL,16768,16768,0,0.0
alquist_fault,LOS ALTOS,15987,15987,0,0.0
alquist_fault,LOS GATOS,15371,15371,0,0.0
alquist_fault,CAMPBELL,12755,12755,0,0.0
alquist_fault,SARATOGA,11740,11740,0,0.0
alquist_fault,SAN MARTIN,2052,2052,0,0.0
alquist_fault,(NULL),1929,1929,0,0.0
alquist_fault,MONTE SERENO,1226,1226,0,0.0
alquist_fault,STANFORD,1094,1094,0,0.0
landslide,SAN JOSE,253883,253883,0,0.0
landslide,SUNNYVALE,33868,33868,0,0.0
landslide,SANTA CLARA,30235,30235,0,0.0
landslide,PALO ALTO,21023,21023,0,0.0
landslide,MILPITAS,20372,20372,0,0.0
landslide,MOUNTAIN VIEW,20302,20302,0,0.0
landslide,GILROY,18063,18063,0,0.0
landslide,CUPERTINO,17048,17048,0,0.0
landslide,MORGAN HILL,16768,16768,0,0.0
landslide,LOS ALTOS,15987,15987,0,0.0
landslide,LOS GATOS,15371,15371,0,0.0
landslide,CAMPBELL,12755,12755,0,0.0
landslide,SARATOGA,11740,11740,0,0.0
landslide,SAN MARTIN,2052,2052,0,0.0
landslide,(NULL),1929,1929,0,0.0
landslide,MONTE SERENO,1226,1226,0,0.0
landslide,STANFORD,1094,1094,0,0.0
liquefaction,SAN JOSE,253883,253883,0,0.0
liquefaction,SUNNYVALE,33868,33868,0,0.0
liquefaction,SANTA CLARA,30235,30235,0,0.0
liquefaction,PALO ALTO,21023,21023,0,0.0
liquefaction,MILPITAS,20372,20372,0,0.0
liquefaction,MOUNTAIN VIEW,20302,20302,0,0.0
liquefaction,GILROY,18063,18063,0,0.0
liquefaction,CUPERTINO,17048,17048,0,0.0
liquefaction,MORGAN HILL,16768,16768,0,0.0
liquefaction,LOS ALTOS,15987,15987,0,0.0
liquefaction,LOS GATOS,15371,15371,0,0.0
liquefaction,CAMPBELL,12755,12755,0,0.0
liquefaction,SARATOGA,11740,11740,0,0.0
liquefaction,SAN MARTIN,2052,2052,0,0.0
liquefaction,(NULL),1929,1929,0,0.0
liquefaction,MONTE SERENO,1226,1226,0,0.0
liquefaction,STANFORD,1094,1094,0,0.0
fldzone,SAN JOSE,253883,253882,1,0.0004
fldzone,SUNNYVALE,33868,33868,0,0.0
fldzone,SANTA CLARA,30235,30235,0,0.0
fldzone,PALO ALTO,21023,21022,1,0.0048
fldzone,MILPITAS,20372,20372,0,0.0
fldzone,MOUNTAIN VIEW,20302,20302,0,0.0
fldzone,GILROY,18063,18062,1,0.0055
fldzone,CUPERTINO,17048,17048,0,0.0
fldzone,MORGAN HILL,16768,16768,0,0.0
fldzone,LOS ALTOS,15987,15987,0,0.0
fldzone,LOS GATOS,15371,15371,0,0.0
fldzone,CAMPBELL,12755,12755,0,0.0
fldzone,SARATOGA,11740,11740,0,0.0
fldzone,SAN MARTIN,2052,2052,0,0.0
fldzone,(NULL),1929,1927,2,0.1037
fldzone,MONTE SERENO,1226,1226,0,0.0
fldzone,STANFORD,1094,1094,0,0.0
fhszlra,SAN JOSE,253883,251985,1898,0.7476
fhszlra,SUNNYVALE,33868,33865,3,0.0089
fhszlra,SANTA CLARA,30235,30235,0,0.0
fhszlra,PALO ALTO,21023,21022,1,0.0048
fhszlra,MILPITAS,20372,20332,40,0.1963
fhszlra,MOUNTAIN VIEW,20302,20300,2,0.0099
fhszlra,GILROY,18063,16618,1445,7.9998
fhszlra,CUPERTINO,17048,16856,192,1.1262
fhszlra,MORGAN HILL,16768,15202,1566,9.3392
fhszlra,LOS ALTOS,15987,15953,34,0.2127
fhszlra,LOS GATOS,15371,12515,2856,18.5804
fhszlra,CAMPBELL,12755,12755,0,0.0
fhszlra,SARATOGA,11740,11456,284,2.4191
fhszlra,SAN MARTIN,2052,1877,175,8.5283
fhszlra,(NULL),1929,346,1583,82.0632
fhszlra,MONTE SERENO,1226,1224,2,0.1631
fhszlra,STANFORD,1094,1094,0,0.0
fhszsra,SAN JOSE,253883,2426,251457,99.0444
fhszsra,SUNNYVALE,33868,0,33868,100.0
fhszsra,SANTA CLARA,30235,0,30235,100.0
fhszsra,PALO ALTO,21023,45,20978,99.7859
fhszsra,MILPITAS,20372,124,20248,99.3913
fhszsra,MOUNTAIN VIEW,20302,0,20302,100.0
fhszsra,GILROY,18063,1595,16468,91.1698
fhszsra,CUPERTINO,17048,230,16818,98.6509
fhszsra,MORGAN HILL,16768,1991,14777,88.1262
fhszsra,LOS ALTOS,15987,133,15854,99.1681
fhszsra,LOS GATOS,15371,3035,12336,80.255
fhszsra,CAMPBELL,12755,0,12755,100.0
fhszsra,SARATOGA,11740,353,11387,96.9932
fhszsra,SAN MARTIN,2052,237,1815,88.4503
fhszsra,(NULL),1929,1624,305,15.8113
fhszsra,MONTE SERENO,1226,10,1216,99.1843
fhszsra,STANFORD,1094,1,1093,99.9086
sqft,SAN JOSE,253883,243418,10465,4.122
sqft,SUNNYVALE,33868,33305,563,1.6623
sqft,SANTA CLARA,30235,29461,774,2.5599
sqft,PALO ALTO,21023,20384,639,3.0395
sqft,MILPITAS,20372,19784,588,2.8863
sqft,MOUNTAIN VIEW,20302,19725,577,2.8421
sqft,GILROY,18063,16775,1288,7.1306
sqft,CUPERTINO,17048,16600,448,2.6279
sqft,MORGAN HILL,16768,15581,1187,7.079
sqft,LOS ALTOS,15987,15680,307,1.9203
sqft,LOS GATOS,15371,14057,1314,8.5486
sqft,CAMPBELL,12755,12441,314,2.4618
sqft,SARATOGA,11740,11245,495,4.2164
sqft,SAN MARTIN,2052,1681,371,18.0799
sqft,(NULL),1929,416,1513,78.4344
sqft,MONTE SERENO,1226,1216,10,0.8157
sqft,STANFORD,1094,981,113,10.3291
building_area,SAN JOSE,253883,240695,13188,5.1945
building_area,SUNNYVALE,33868,32502,1366,4.0333
building_area,SANTA CLARA,30235,29017,1218,4.0284
building_area,PALO ALTO,21023,19323,1700,8.0864
building_area,MILPITAS,20372,18418,1954,9.5916
building_area,MOUNTAIN VIEW,20302,19266,1036,5.1029
building_area,GILROY,18063,15562,2501,13.846
building_area,CUPERTINO,17048,16061,987,5.7895
building_area,MORGAN HILL,16768,14364,2404,14.3368
building_area,LOS ALTOS,15987,15113,874,5.4669
building_area,LOS GATOS,15371,13301,2070,13.4669
building_area,CAMPBELL,12755,12162,593,4.6492
building_area,SARATOGA,11740,10887,853,7.2658
building_area,SAN MARTIN,2052,1392,660,32.1637
building_area,(NULL),1929,20,1909,98.9632
building_area,MONTE SERENO,1226,1180,46,3.752
building_area,STANFORD,1094,913,181,16.5448
footprints,SAN JOSE,253883,246080,7803,3.0735
footprints,SUNNYVALE,33868,33036,832,2.4566
footprints,SANTA CLARA,30235,29583,652,2.1564
footprints,PALO ALTO,21023,20594,429,2.0406
footprints,MILPITAS,20372,15134,5238,25.7118
footprints,MOUNTAIN VIEW,20302,19542,760,3.7435
footprints,GILROY,18063,15350,2713,15.0197
footprints,CUPERTINO,17048,16579,469,2.7511
footprints,MORGAN HILL,16768,14923,1845,11.0031
footprints,LOS ALTOS,15987,15286,701,4.3848
footprints,LOS GATOS,15371,9004,6367,41.4222
footprints,CAMPBELL,12755,11877,878,6.8836
footprints,SARATOGA,11740,7740,4000,34.0716
footprints,SAN MARTIN,2052,1543,509,24.8051
footprints,(NULL),1929,281,1648,85.4329
footprints,MONTE SERENO,1226,284,942,76.8352
footprints,STANFORD,1094,1021,73,6.6728
